<?xml version="1.0" encoding="UTF-8"?>
<AnyConnectProfile xmlns="http://schemas.xmlsoap.org/encoding/" xmlns:xsi="http://www.w3.org/2001/XMLSchema-instance" xsi:schemaLocation="http://schemas.xmlsoap.org/encoding/ AnyConnectProfile.xsd">
	<ClientInitialization>
		<UseStartBeforeLogon UserControllable="false">true</UseStartBeforeLogon>
		<AutomaticCertSelection UserControllable="false">true</AutomaticCertSelection>
		<ShowPreConnectMessage>false</ShowPreConnectMessage>
		<CertificateStore>All</CertificateStore>
		<CertificateStoreMac>All</CertificateStoreMac>
		<CertificateStoreOverride>false</CertificateStoreOverride>
		<ProxySettings>Native</ProxySettings>
		<AllowLocalProxyConnections>false</AllowLocalProxyConnections>
		<AuthenticationTimeout>12</AuthenticationTimeout>
		<AutoConnectOnStart UserControllable="true">false</AutoConnectOnStart>
		<MinimizeOnConnect UserControllable="true">true</MinimizeOnConnect>
		<LocalLanAccess UserControllable="false">false</LocalLanAccess>
		<DisableCaptivePortalDetection UserControllable="false">false</DisableCaptivePortalDetection>
		<ClearSmartcardPin UserControllable="false">true</ClearSmartcardPin>
		<IPProtocolSupport>IPv4</IPProtocolSupport>
		<AutoReconnect UserControllable="false">true
			<AutoReconnectBehavior UserControllable="false">ReconnectAfterResume</AutoReconnectBehavior>
		</AutoReconnect>
		<SuspendOnConnectedStandby>false</SuspendOnConnectedStandby>
		<AutoUpdate UserControllable="false">true</AutoUpdate>
		<RSASecurIDIntegration UserControllable="false">Automatic</RSASecurIDIntegration>
		<WindowsLogonEnforcement>SingleLocalLogon</WindowsLogonEnforcement>
		<LinuxLogonEnforcement>SingleLocalLogon</LinuxLogonEnforcement>
		<WindowsVPNEstablishment>LocalUsersOnly</WindowsVPNEstablishment>
		<LinuxVPNEstablishment>LocalUsersOnly</LinuxVPNEstablishment>
		<AutomaticVPNPolicy>true
			<TrustedDNSDomains>ca.local</TrustedDNSDomains>
			<TrustedDNSServers>192.168.3.7,192.168.5.5,192.168.6.7</TrustedDNSServers>
			<TrustedHttpsServerList>
				<TrustedHttpsServer>
					<Address>70.163.10.232</Address>
					<Port>443</Port>
					<CertificateHash>70F00C6FD006A0572F9ED78984F702BDD7038FD6EFC3E9854F7DCDC0B0D7939B</CertificateHash>
				</TrustedHttpsServer>
				<TrustedHttpsServer>
					<Address>50.234.64.194</Address>
					<Port>443</Port>
					<CertificateHash>1290A9E9B1C24583EEA2288757F28A6A5D09422EE93375D6C61FF7912CAAABEB</CertificateHash>
				</TrustedHttpsServer>
			</TrustedHttpsServerList>
			<TrustedNetworkPolicy>Disconnect</TrustedNetworkPolicy>
			<UntrustedNetworkPolicy>Connect</UntrustedNetworkPolicy>
			<AlwaysOn>false
			</AlwaysOn>
		</AutomaticVPNPolicy>
		<PPPExclusion UserControllable="false">Automatic
			<PPPExclusionServerIP UserControllable="false"></PPPExclusionServerIP>
		</PPPExclusion>
		<EnableScripting UserControllable="false">false</EnableScripting>
		<CertificateMatch>
			<MatchOnlyCertsWithKU>false</MatchOnlyCertsWithKU>
			<ExtendedKeyUsage>
				<ExtendedMatchKey>ServerAuth</ExtendedMatchKey>
				<ExtendedMatchKey>ClientAuth</ExtendedMatchKey>
			</ExtendedKeyUsage>
			<DistinguishedName>
				<DistinguishedNameDefinition Operator="Equal" Wildcard="Disabled" MatchCase="Enabled">
					<Name>ISSUER-CN</Name>
					<Pattern>CAero-srv-vm-hsv-dc1-CA</Pattern>
				</DistinguishedNameDefinition>
			</DistinguishedName>
		</CertificateMatch>
		<BackupServerList>
			<HostAddress>70.163.10.232</HostAddress>
			<HostAddress>50.234.64.194</HostAddress>
		</BackupServerList>
		<EnableAutomaticServerSelection UserControllable="false">false
			<AutoServerSelectionImprovement>20</AutoServerSelectionImprovement>
			<AutoServerSelectionSuspendTime>4</AutoServerSelectionSuspendTime>
		</EnableAutomaticServerSelection>
		<RetainVpnOnLogoff>false
		</RetainVpnOnLogoff>
		<CaptivePortalRemediationBrowserFailover>false</CaptivePortalRemediationBrowserFailover>
		<AllowManualHostInput>false</AllowManualHostInput>
	</ClientInitialization>
	<ServerList>
		<HostEntry>
			<HostName>Niceville</HostName>
			<HostAddress>70.163.10.232</HostAddress>
		</HostEntry>
		<HostEntry>
			<HostName>Redstone Gateway</HostName>
			<HostAddress>50.234.64.194</HostAddress>
		</HostEntry>
	</ServerList>
</AnyConnectProfile>
